-- MySQL dump 10.13  Distrib 5.5.40, for Win32 (x86)
--
-- Host: localhost    Database: yun
-- ------------------------------------------------------
-- Server version	5.5.40

/*!40101 SET @OLD_CHARACTER_SET_CLIENT=@@CHARACTER_SET_CLIENT */;
/*!40101 SET @OLD_CHARACTER_SET_RESULTS=@@CHARACTER_SET_RESULTS */;
/*!40101 SET @OLD_COLLATION_CONNECTION=@@COLLATION_CONNECTION */;
/*!40101 SET NAMES utf8 */;
/*!40103 SET @OLD_TIME_ZONE=@@TIME_ZONE */;
/*!40103 SET TIME_ZONE='+00:00' */;
/*!40014 SET @OLD_UNIQUE_CHECKS=@@UNIQUE_CHECKS, UNIQUE_CHECKS=0 */;
/*!40014 SET @OLD_FOREIGN_KEY_CHECKS=@@FOREIGN_KEY_CHECKS, FOREIGN_KEY_CHECKS=0 */;
/*!40101 SET @OLD_SQL_MODE=@@SQL_MODE, SQL_MODE='NO_AUTO_VALUE_ON_ZERO' */;
/*!40111 SET @OLD_SQL_NOTES=@@SQL_NOTES, SQL_NOTES=0 */;

--
-- Table structure for table `admin`
--

DROP TABLE IF EXISTS `admin`;
/*!40101 SET @saved_cs_client     = @@character_set_client */;
/*!40101 SET character_set_client = utf8 */;
CREATE TABLE `admin` (
  `Id` int(11) NOT NULL AUTO_INCREMENT,
  `name` varchar(25) DEFAULT NULL,
  `password` varchar(25) DEFAULT NULL,
  `level` varchar(1) DEFAULT NULL,
  PRIMARY KEY (`Id`)
) ENGINE=MyISAM DEFAULT CHARSET=utf8;
/*!40101 SET character_set_client = @saved_cs_client */;

--
-- Dumping data for table `admin`
--

LOCK TABLES `admin` WRITE;
/*!40000 ALTER TABLE `admin` DISABLE KEYS */;
/*!40000 ALTER TABLE `admin` ENABLE KEYS */;
UNLOCK TABLES;

--
-- Table structure for table `joke`
--

DROP TABLE IF EXISTS `joke`;
/*!40101 SET @saved_cs_client     = @@character_set_client */;
/*!40101 SET character_set_client = utf8 */;
CREATE TABLE `joke` (
  `id` int(11) NOT NULL AUTO_INCREMENT,
  `joke_type` int(2) DEFAULT NULL,
  `joke_title` varchar(16) NOT NULL DEFAULT '',
  `joke_content` text NOT NULL,
  `create_time` datetime NOT NULL DEFAULT '0000-00-00 00:00:00',
  `updata_time` datetime DEFAULT NULL,
  `up_userId` int(6) NOT NULL DEFAULT '0',
  `love` int(5) NOT NULL DEFAULT '0',
  `hate` int(5) NOT NULL DEFAULT '0',
  `comment` int(11) DEFAULT '0',
  `allowed` tinyint(1) DEFAULT '0',
  `imgage_url` tinytext,
  PRIMARY KEY (`id`)
) ENGINE=MyISAM AUTO_INCREMENT=104 DEFAULT CHARSET=utf8;
/*!40101 SET character_set_client = @saved_cs_client */;

--
-- Dumping data for table `joke`
--

LOCK TABLES `joke` WRITE;
/*!40000 ALTER TABLE `joke` DISABLE KEYS */;
INSERT INTO `joke` VALUES (1,1,'aaaaaaaaaaaaaaaa','啊啊的发送到发送到','0000-00-00 00:00:00',NULL,1,123213,0,66,0,'“http://static.ihuopo.com/uploads/pictures/1461598157.gif,http://static.ihuopo.com/uploads/pictures/1461386015.jpg”'),(2,2,'玩儿去玩儿','时发生的发生','0000-00-00 00:00:00',NULL,13,1,0,19,1,NULL),(3,NULL,'','','0000-00-00 00:00:00',NULL,0,10,0,3,0,'http://static.ihuopo.com/uploads/pictures/1461598157.gif,http://static.ihuopo.com/uploads/pictures/1461386015.jpg'),(4,NULL,'2','22222222222222222222222222222222222','2016-03-30 15:24:49',NULL,4,110,0,1,0,NULL),(5,NULL,'123123213','12312312321321','2016-03-30 15:26:39',NULL,4,0,0,0,0,'http://static.ihuopo.com/uploads/pictures/1461598157.gif,http://static.ihuopo.com/uploads/pictures/1461386015.jpg'),(6,NULL,'123123213','12312312321321','2016-03-30 15:26:43',NULL,4,0,0,0,0,NULL),(7,NULL,'123123213','12312312321321','2016-03-30 15:26:43',NULL,4,0,0,0,0,'\"http://static.ihuopo.com/uploads/pictures/1461598157.gif,http://static.ihuopo.com/uploads/pictures/1461386015.jpg,http://s'),(8,NULL,'123123213','12312312321321','2016-03-30 15:26:43',NULL,4,11,0,1,1,NULL),(9,NULL,'123123213','12312312321321','2016-03-30 15:26:44',NULL,4,0,0,0,0,'http://static.ihuopo.com/uploads/pictures/1461598157.gif,http://static.ihuopo.com/uploads/pictures/1461386015.jpg'),(10,NULL,'123123213','12312312321321','2016-03-30 15:26:44',NULL,4,0,0,0,0,NULL),(11,NULL,'123123213','12312312321321','2016-03-30 15:26:44',NULL,4,0,0,0,0,NULL),(12,NULL,'123123213','12312312321321','2016-03-30 15:26:44',NULL,4,0,0,2,1,'http://static.ihuopo.com/uploads/pictures/1461598157.gif,http://static.ihuopo.com/uploads/pictures/1461386015.jpg'),(13,NULL,'123123213','12312312321321','2016-03-30 15:26:45',NULL,4,0,0,0,0,NULL),(14,NULL,'123123213','12312312321321','2016-03-30 15:26:45',NULL,4,0,0,0,0,'http://static.ihuopo.com/uploads/pictures/1461598157.gif,http://static.ihuopo.com/uploads/pictures/1461386015.jpg'),(15,NULL,'123123213','12312312321321','2016-03-30 15:26:45',NULL,4,0,0,1,1,'\"http://static.ihuopo.com/uploads/pictures/1461598157.gif,http://static.ihuopo.com/uploads/pictures/1461386015.jpg,http://s'),(16,NULL,'123123213','12312312321321','2016-03-30 15:26:45',NULL,4,0,0,0,1,NULL),(17,NULL,'123123213','12312312321321','2016-03-30 15:26:46',NULL,4,0,0,0,0,NULL),(18,NULL,'123123213','12312312321321','2016-03-30 15:26:46',NULL,4,0,0,0,0,NULL),(19,NULL,'123123213','12312312321321','2016-03-30 15:26:46',NULL,4,0,0,0,0,NULL),(20,NULL,'123123213','12312312321321','2016-03-30 15:26:47',NULL,4,0,0,2,1,NULL),(21,NULL,'123123213','12312312321321','2016-03-30 15:26:47',NULL,4,0,0,0,0,NULL),(22,NULL,'123123213','123123123213211','2016-03-30 15:27:06',NULL,4,0,0,0,0,NULL),(23,NULL,'123123213','123123123213211','2016-03-30 15:27:07',NULL,4,0,0,0,0,NULL),(24,NULL,'123123213','123123123213211','2016-03-30 15:27:07',NULL,4,0,0,4,0,NULL),(25,NULL,'123123123123','21333333333333333333333333','2016-03-30 15:28:07',NULL,4,0,0,0,0,NULL),(26,NULL,'123123123123','21333333333333333333333333','2016-03-30 15:28:09',NULL,4,0,0,0,0,NULL),(27,NULL,'123123123123','21333333333333333333333333','2016-03-30 15:28:10',NULL,4,0,0,3,0,NULL),(28,NULL,'123123123123','21333333333333333333333333','2016-03-30 15:28:10',NULL,4,0,0,0,0,NULL),(29,NULL,'123123123123','21333333333333333333333333','2016-03-30 15:28:11',NULL,4,0,0,0,0,NULL),(30,NULL,'123123123123','21333333333333333333333333','2016-03-30 15:28:11',NULL,4,0,0,0,0,NULL),(31,NULL,'123123123123','21333333333333333333333333','2016-03-30 15:28:11',NULL,4,0,0,0,0,NULL),(32,NULL,'123123123123','21333333333333333333333333','2016-03-30 15:28:11',NULL,4,0,0,0,0,NULL),(33,NULL,'123123123123','21333333333333333333333333','2016-03-30 15:28:12',NULL,4,0,0,0,0,NULL),(34,NULL,'123123123123','21333333333333333333333333','2016-03-30 15:28:12',NULL,4,0,0,0,0,NULL),(35,NULL,'123123123123','21333333333333333333333333','2016-03-30 15:28:12',NULL,4,0,0,0,0,NULL),(36,NULL,'1233333333333333','12333333333333333333333333','2016-03-30 15:30:37',NULL,4,0,0,0,0,NULL),(37,NULL,'1233333333333333','12333333333333333333333333','2016-03-30 15:30:40',NULL,4,0,0,0,0,NULL),(38,NULL,'1233333333333333','12333333333333333333333333','2016-03-30 15:30:41',NULL,4,0,0,0,0,NULL),(39,NULL,'1233333333333333','12333333333333333333333333','2016-03-30 15:30:41',NULL,4,0,0,0,0,NULL),(40,NULL,'1233333333333333','12333333333333333333333333','2016-03-30 15:30:41',NULL,4,0,0,0,0,NULL),(41,NULL,'1233333333333333','12333333333333333333333333','2016-03-30 15:30:42',NULL,4,0,0,0,0,NULL),(42,NULL,'1233333333333333','12333333333333333333333333','2016-03-30 15:30:42',NULL,4,0,0,0,0,NULL),(43,NULL,'1233333333333333','12333333333333333333333333','2016-03-30 15:30:42',NULL,4,0,0,0,0,NULL),(44,NULL,'1233333333333333','12333333333333333333333333','2016-03-30 15:30:42',NULL,4,0,0,0,0,NULL),(45,NULL,'1233333333333333','12333333333333333333333333','2016-03-30 15:30:42',NULL,4,0,0,0,0,NULL),(46,NULL,'1233333333333333','12333333333333333333333333','2016-03-30 15:30:43',NULL,4,0,0,0,0,NULL),(47,NULL,'1233333333333333','12333333333333333333333333','2016-03-30 15:30:43',NULL,4,0,0,0,0,NULL),(48,NULL,'1233333333333333','12333333333333333333333333','2016-03-30 15:30:43',NULL,4,0,0,0,0,NULL),(49,NULL,'122222222222','1222222222222222222222','2016-03-30 15:33:51',NULL,4,0,0,0,0,NULL),(50,NULL,'1','1111111111111111111111111','2016-03-30 15:34:39',NULL,4,0,0,0,0,NULL),(51,NULL,'1','11111111111111111111111','2016-03-30 15:34:51',NULL,4,0,0,0,0,NULL),(52,NULL,'1','11111111111111111111111111','2016-03-30 15:35:24',NULL,4,0,0,2,0,NULL),(53,NULL,'12','21321312333333333333333333333','2016-03-30 15:41:03',NULL,4,0,0,15,0,NULL),(54,NULL,'123','1233333333333333333','2016-03-30 15:41:10',NULL,4,110,0,14,1,NULL),(55,NULL,'1','23321323123213','2016-05-02 14:44:02',NULL,-1,0,0,0,0,NULL),(56,NULL,'123','1233333333333333333333333333333333333333333333333333333333333333333333333333333333333333333','2016-05-02 14:48:31',NULL,-1,0,0,0,0,NULL),(57,NULL,'12321','123333333333333333333333333333','2016-05-02 14:51:11','2016-05-03 17:13:05',-1,0,0,0,1,NULL),(58,NULL,'123','1232133333333333333333','2016-05-02 14:54:48','2016-05-03 17:13:04',-1,0,0,0,1,NULL),(59,NULL,'1','12333333333333333333333333333333333333','2016-05-02 14:54:56','2016-05-03 17:13:04',-1,0,0,0,1,NULL),(60,NULL,'123','1231212121212121212121212121212121212','2016-05-02 14:55:58','2016-05-03 17:13:03',-1,0,0,0,1,NULL),(61,NULL,'1321323','2311111111111111111111111111111111111111','2016-05-02 14:56:21','2016-05-03 17:13:03',-1,0,0,0,1,NULL),(62,NULL,'1233','12333333333333333333333333333333333','2016-05-02 14:57:21','2016-05-03 16:49:40',-1,0,0,0,1,NULL),(63,NULL,'1233','12333333333333333333333333333333333','2016-05-02 14:57:23','2016-05-03 16:49:38',-1,0,0,0,1,NULL),(64,NULL,'1231233213213','123333333333333333333333333','2016-05-02 14:57:57','2016-05-03 16:49:39',-1,0,0,0,1,NULL),(65,NULL,'1','123456789123111','2016-05-02 14:59:24','2016-05-03 16:49:38',-1,0,0,0,1,NULL),(66,NULL,'12','12222222222222222222222222222222222','2016-05-02 14:59:49','2016-05-03 17:13:03',-1,0,0,0,1,NULL),(67,NULL,'12','12222222222222222222222','2016-05-02 15:06:42','2016-05-03 17:13:03',-1,0,0,0,1,NULL),(68,NULL,'1','31111111111111111111111','2016-05-02 15:07:35','2016-05-03 17:13:03',-1,0,0,0,1,NULL),(69,NULL,'13','133333333333333333333333333333','2016-05-02 15:07:44','2016-05-03 17:13:02',-1,0,0,0,1,NULL),(70,NULL,'123','12331111111111111111111111','2016-05-02 15:10:34','2016-05-03 17:13:02',-1,0,0,0,1,NULL),(71,NULL,'12','123333333333333333333','2016-05-02 15:11:07','2016-05-03 17:13:02',-1,0,0,0,1,NULL),(72,NULL,'123','12333333333333','2016-05-02 15:11:13','2016-05-03 17:12:47',-1,0,0,0,2,NULL),(73,NULL,'1233333333','123333333333333','2016-05-02 15:11:18','2016-05-03 17:12:46',-1,0,0,0,2,NULL),(74,NULL,'123213','123333333333333333333333333333','2016-05-02 15:11:33','2016-05-03 17:12:58',-1,0,0,0,1,NULL),(96,NULL,'123123','21333333333333','2016-05-02 19:46:40','2016-05-03 17:13:56',99,0,0,0,2,NULL),(97,NULL,'2133333333333333','132222222222222222222222212','2016-05-02 19:56:27','2016-05-03 17:13:55',99,0,0,0,2,NULL),(91,NULL,'123','12323232323232323232323232323232323232323232323','2016-05-02 19:40:14','2016-05-03 17:13:02',99,0,0,0,1,NULL),(92,NULL,'1233333333333333','33122222222222222222222','2016-05-02 19:40:23','2016-05-03 17:12:57',99,0,0,0,1,NULL),(95,NULL,'12312','2133333333333333','2016-05-02 19:46:36','2016-05-03 17:14:05',99,0,0,0,2,NULL),(94,NULL,'2133333333333333','1322222222222222222222222','2016-05-02 19:40:33','2016-05-03 17:12:57',99,0,0,0,1,NULL),(98,NULL,'123','3211111111111111111111111','2016-05-02 19:57:14','2016-05-03 17:13:55',99,0,0,0,2,NULL),(99,NULL,'1234444','3211111111111111111111111','2016-05-02 19:57:18','2016-05-03 17:13:55',99,0,0,0,2,NULL),(101,NULL,'12789','12222222222222222222222222222222123123','2016-05-03 08:01:39','2016-05-03 17:13:54',99,0,0,0,2,NULL),(102,NULL,'1234567','12222222222222222222222222222222','2016-05-03 08:02:01','2016-05-03 17:13:54',99,0,0,0,2,NULL),(103,NULL,'123456711111','12222222222222222222222222222222','2016-05-03 08:03:21','2016-05-03 17:13:54',99,0,0,0,2,NULL);
/*!40000 ALTER TABLE `joke` ENABLE KEYS */;
UNLOCK TABLES;

--
-- Table structure for table `joke_comment`
--

DROP TABLE IF EXISTS `joke_comment`;
/*!40101 SET @saved_cs_client     = @@character_set_client */;
/*!40101 SET character_set_client = utf8 */;
CREATE TABLE `joke_comment` (
  `id` int(11) NOT NULL AUTO_INCREMENT,
  `joke_id` int(11) NOT NULL DEFAULT '0',
  `coment_userId` int(5) NOT NULL DEFAULT '0',
  `comment_createTime` datetime NOT NULL DEFAULT '0000-00-00 00:00:00',
  `comment_upTime` datetime DEFAULT '0000-00-00 00:00:00',
  `content` varchar(255) NOT NULL DEFAULT '',
  `allowed` bit(1) NOT NULL DEFAULT b'0',
  `image_url` tinytext,
  PRIMARY KEY (`id`)
) ENGINE=MyISAM AUTO_INCREMENT=134 DEFAULT CHARSET=utf8;
/*!40101 SET character_set_client = @saved_cs_client */;

--
-- Dumping data for table `joke_comment`
--

LOCK TABLES `joke_comment` WRITE;
/*!40000 ALTER TABLE `joke_comment` DISABLE KEYS */;
INSERT INTO `joke_comment` VALUES (1,1,1,'0000-00-00 00:00:00','0000-00-00 00:00:00','12312','','\"http://static.ihuopo.com/uploads/pictures/1461598157.gif,http://static.ihuopo.com/uploads/pictures/1461386015.jpg,http://static.ihuopo.com/uploads/pictures/1460772803.jpg\"'),(2,1,2,'0000-00-00 00:00:00','0000-00-00 00:00:00','213123','','\n'),(3,1,1,'0000-00-00 00:00:00','0000-00-00 00:00:00','13213','',NULL),(4,1,3,'0000-00-00 00:00:00','0000-00-00 00:00:00','12312312','',NULL),(5,1,2,'2016-03-28 18:43:02','0000-00-00 00:00:00','123','',''),(6,1,4,'2016-03-28 18:45:34','0000-00-00 00:00:00','123','',NULL),(7,1,4,'2016-03-28 18:47:08','0000-00-00 00:00:00','12333333333333333333333333','',NULL),(8,1,4,'2016-03-28 18:47:53','0000-00-00 00:00:00','123123123','',NULL),(9,1,4,'2016-03-28 18:48:44','0000-00-00 00:00:00','12321321','','\"http://static.ihuopo.com/uploads/pictures/1461598157.gif,http://static.ihuopo.com/uploads/pictures/1461386015.jpg,http://static.ihuopo.com/uploads/pictures/1460772803.jpg\"'),(10,1,4,'2016-03-28 18:48:47','0000-00-00 00:00:00','12321321','',NULL),(11,1,4,'2016-03-28 18:48:47','0000-00-00 00:00:00','12321321','',NULL),(12,1,4,'2016-03-28 18:48:47','0000-00-00 00:00:00','12321321','','\"http://static.ihuopo.com/uploads/pictures/1461598157.gif,http://static.ihuopo.com/uploads/pictures/1461386015.jpg,http://static.ihuopo.com/uploads/pictures/1460772803.jpg\"'),(13,1,4,'2016-03-28 18:48:48','0000-00-00 00:00:00','12321321','',NULL),(14,1,4,'2016-03-28 18:53:47','0000-00-00 00:00:00','12312312','','\"http://static.ihuopo.com/uploads/pictures/1461598157.gif,http://static.ihuopo.com/uploads/pictures/1461386015.jpg,http://static.ihuopo.com/uploads/pictures/1460772803.jpg\"'),(15,1,4,'2016-03-28 18:53:51','0000-00-00 00:00:00','12312312','','\"http://static.ihuopo.com/uploads/pictures/1461598157.gif,http://static.ihuopo.com/uploads/pictures/1461386015.jpg,http://static.ihuopo.com/uploads/pictures/1460772803.jpg\"'),(16,1,4,'2016-03-28 18:53:53','0000-00-00 00:00:00','12312312','','\"http://static.ihuopo.com/uploads/pictures/1461598157.gif,http://static.ihuopo.com/uploads/pictures/1461386015.jpg,http://static.ihuopo.com/uploads/pictures/1460772803.jpg\"'),(17,1,4,'2016-03-28 18:53:56','0000-00-00 00:00:00','12312312','',NULL),(18,1,4,'2016-03-28 18:53:58','0000-00-00 00:00:00','12312312','',NULL),(19,1,4,'2016-03-28 18:54:58','0000-00-00 00:00:00','123123','',NULL),(20,1,4,'2016-03-28 18:55:30','0000-00-00 00:00:00','23213','',NULL),(21,1,4,'2016-03-28 18:55:51','0000-00-00 00:00:00','23213','',NULL),(22,1,4,'2016-03-28 18:55:56','0000-00-00 00:00:00','23213','',NULL),(23,1,2,'2016-03-30 11:24:21','0000-00-00 00:00:00','111','',NULL),(24,1,2,'2016-03-30 11:24:23','0000-00-00 00:00:00','111','',NULL),(25,1,2,'2016-03-30 11:24:24','0000-00-00 00:00:00','111','',NULL),(26,1,2,'2016-03-30 11:24:24','0000-00-00 00:00:00','111','',NULL),(27,1,2,'2016-03-30 11:24:25','0000-00-00 00:00:00','111','',NULL),(28,1,2,'2016-03-30 11:24:25','0000-00-00 00:00:00','111','',NULL),(29,1,2,'2016-03-30 11:24:25','0000-00-00 00:00:00','111','',NULL),(30,1,2,'2016-03-30 11:24:25','0000-00-00 00:00:00','111','',NULL),(31,1,2,'2016-03-30 11:25:21','0000-00-00 00:00:00','123123213','',NULL),(32,1,2,'2016-03-30 11:25:24','0000-00-00 00:00:00','123123213213213','',NULL),(33,2,2,'2016-03-30 11:25:52','0000-00-00 00:00:00','1','',NULL),(34,2,2,'2016-03-30 11:26:10','0000-00-00 00:00:00','1','',NULL),(35,2,2,'2016-03-30 11:26:12','0000-00-00 00:00:00','11','',NULL),(36,2,2,'2016-03-30 11:26:14','0000-00-00 00:00:00','11','',NULL),(37,2,2,'2016-03-30 11:26:14','0000-00-00 00:00:00','11','',NULL),(38,2,2,'2016-03-30 11:26:16','0000-00-00 00:00:00','11','',NULL),(39,2,2,'2016-03-30 11:26:20','0000-00-00 00:00:00','11','',NULL),(40,2,2,'2016-03-30 11:26:22','0000-00-00 00:00:00','11','',NULL),(41,2,2,'2016-03-30 11:26:23','0000-00-00 00:00:00','11','',NULL),(42,2,2,'2016-03-30 11:26:24','0000-00-00 00:00:00','11','',NULL),(43,2,2,'2016-03-30 11:26:27','0000-00-00 00:00:00','11','',NULL),(44,2,2,'2016-03-30 11:26:28','0000-00-00 00:00:00','11','',NULL),(45,2,2,'2016-03-30 11:26:28','0000-00-00 00:00:00','11','',NULL),(46,2,2,'2016-03-30 11:26:29','0000-00-00 00:00:00','11','','\"http://static.ihuopo.com/uploads/pictures/1461598157.gif,http://static.ihuopo.com/uploads/pictures/1461386015.jpg,http://static.ihuopo.com/uploads/pictures/1460772803.jpg\"'),(47,1,2,'2016-03-30 11:27:31','0000-00-00 00:00:00','1','',NULL),(48,1,2,'2016-03-30 11:29:14','0000-00-00 00:00:00','1','',NULL),(49,1,2,'2016-03-30 11:29:19','0000-00-00 00:00:00','1','',NULL),(50,1,2,'2016-03-30 11:30:11','0000-00-00 00:00:00','1','','\"http://static.ihuopo.com/uploads/pictures/1461598157.gif,http://static.ihuopo.com/uploads/pictures/1461386015.jpg,http://static.ihuopo.com/uploads/pictures/1460772803.jpg\"'),(51,1,2,'2016-03-30 11:45:30','0000-00-00 00:00:00','1','',NULL),(52,1,2,'2016-03-30 11:49:32','0000-00-00 00:00:00','1','',NULL),(53,1,2,'2016-03-30 11:51:50','0000-00-00 00:00:00','1','','\"http://static.ihuopo.com/uploads/pictures/1461598157.gif,http://static.ihuopo.com/uploads/pictures/1461386015.jpg,http://static.ihuopo.com/uploads/pictures/1460772803.jpg\"'),(54,1,2,'2016-03-30 11:53:05','0000-00-00 00:00:00','1111','',NULL),(55,1,2,'2016-03-30 11:55:04','0000-00-00 00:00:00','1','',NULL),(56,1,2,'2016-03-30 11:56:37','0000-00-00 00:00:00','1','',NULL),(57,1,2,'2016-03-30 11:56:41','0000-00-00 00:00:00','1','',NULL),(58,1,2,'2016-03-30 11:58:37','0000-00-00 00:00:00','1','',NULL),(59,1,2,'2016-03-30 11:58:40','0000-00-00 00:00:00','1','',NULL),(60,1,2,'2016-03-30 11:58:42','0000-00-00 00:00:00','1','',NULL),(61,1,2,'2016-03-30 11:59:33','0000-00-00 00:00:00','11','',NULL),(62,2,2,'2016-03-30 12:45:58','0000-00-00 00:00:00','1','',NULL),(63,2,2,'2016-03-30 12:46:06','0000-00-00 00:00:00','1','',NULL),(64,2,2,'2016-03-30 12:46:12','0000-00-00 00:00:00','11','',NULL),(65,1,2,'2016-03-30 12:47:17','0000-00-00 00:00:00','1','',NULL),(66,1,2,'2016-03-30 12:48:31','0000-00-00 00:00:00','1','',NULL),(67,1,2,'2016-03-30 12:49:13','0000-00-00 00:00:00','1','',NULL),(68,1,2,'2016-03-30 12:49:18','0000-00-00 00:00:00','1','',NULL),(69,3,2,'2016-03-30 12:49:41','0000-00-00 00:00:00','1','',NULL),(70,3,2,'2016-03-30 12:50:32','0000-00-00 00:00:00','1','',NULL),(71,3,2,'2016-03-30 12:50:45','0000-00-00 00:00:00','1','',NULL),(72,2,2,'2016-03-30 12:50:55','0000-00-00 00:00:00','1','',NULL),(73,2,2,'2016-03-30 12:51:03','0000-00-00 00:00:00','1','',NULL),(74,1,2,'2016-03-30 12:51:09','0000-00-00 00:00:00','1·','',NULL),(75,1,0,'2016-03-30 12:55:05','0000-00-00 00:00:00','1232131231231','',NULL),(76,1,0,'2016-03-30 12:55:06','0000-00-00 00:00:00','1232131231231','',NULL),(77,1,0,'2016-03-30 12:55:07','0000-00-00 00:00:00','1232131231231','','\"http://static.ihuopo.com/uploads/pictures/1461598157.gif,http://static.ihuopo.com/uploads/pictures/1461386015.jpg,http://static.ihuopo.com/uploads/pictures/1460772803.jpg\"'),(78,1,0,'2016-03-30 12:55:07','0000-00-00 00:00:00','1232131231231','',NULL),(79,1,0,'2016-03-30 12:55:08','0000-00-00 00:00:00','1232131231231','',NULL),(80,1,0,'2016-03-30 12:55:08','0000-00-00 00:00:00','1232131231231','',NULL),(81,1,0,'2016-03-30 12:55:08','0000-00-00 00:00:00','1232131231231','','\"http://static.ihuopo.com/uploads/pictures/1461598157.gif,http://static.ihuopo.com/uploads/pictures/1461386015.jpg,http://static.ihuopo.com/uploads/pictures/1460772803.jpg\"'),(82,1,0,'2016-03-30 12:55:10','0000-00-00 00:00:00','1232131231231','',NULL),(83,1,0,'2016-03-30 12:56:12','0000-00-00 00:00:00','21133213','',NULL),(84,1,0,'2016-03-30 12:58:27','0000-00-00 00:00:00','1231312','',NULL),(85,1,0,'2016-03-30 12:59:15','0000-00-00 00:00:00','1','',NULL),(86,1,0,'2016-03-30 12:59:17','0000-00-00 00:00:00','1','',NULL),(87,1,0,'2016-03-30 12:59:17','0000-00-00 00:00:00','1','',NULL),(88,1,0,'2016-03-30 12:59:18','0000-00-00 00:00:00','1','',NULL),(89,4,4,'2016-03-30 15:30:54','0000-00-00 00:00:00','的说法是打发','',NULL),(90,54,-1,'2016-03-30 15:50:12','0000-00-00 00:00:00','2','',NULL),(91,54,-1,'2016-03-30 15:50:14','0000-00-00 00:00:00','2','',NULL),(92,54,-1,'2016-03-30 15:50:15','0000-00-00 00:00:00','2','',NULL),(93,54,-1,'2016-03-30 15:50:16','0000-00-00 00:00:00','2','',NULL),(94,54,0,'2016-05-01 09:55:37','0000-00-00 00:00:00','123123','',NULL),(95,54,0,'2016-05-01 13:48:23','0000-00-00 00:00:00','123213123123213213123','',NULL),(96,54,0,'2016-05-01 13:48:29','0000-00-00 00:00:00','123213123123213213123','',NULL),(97,52,0,'2016-05-01 14:00:13','0000-00-00 00:00:00','123','',NULL),(98,52,0,'2016-05-01 14:00:16','0000-00-00 00:00:00','123123','',NULL),(99,54,0,'2016-05-01 14:01:32','0000-00-00 00:00:00','123213213','',NULL),(100,54,0,'2016-05-01 14:01:33','0000-00-00 00:00:00','123213213','',NULL),(101,54,0,'2016-05-01 14:01:35','0000-00-00 00:00:00','123213213','','\"http://static.ihuopo.com/uploads/pictures/1461598157.gif,http://static.ihuopo.com/uploads/pictures/1461386015.jpg,http://static.ihuopo.com/uploads/pictures/1460772803.jpg\"'),(102,54,0,'2016-05-01 14:01:35','0000-00-00 00:00:00','123213213','',NULL),(103,54,0,'2016-05-01 14:01:35','0000-00-00 00:00:00','123213213','',NULL),(104,54,0,'2016-05-01 14:01:36','0000-00-00 00:00:00','123213213','','\"http://static.ihuopo.com/uploads/pictures/1461598157.gif,http://static.ihuopo.com/uploads/pictures/1461386015.jpg,http://static.ihuopo.com/uploads/pictures/1460772803.jpg\"'),(105,54,0,'2016-05-01 14:01:36','0000-00-00 00:00:00','123213213','',NULL),(106,53,0,'2016-05-01 14:01:41','0000-00-00 00:00:00','wqerqwrqr','',NULL),(107,53,0,'2016-05-01 14:01:44','0000-00-00 00:00:00','wqerqwrqrqwerq','',NULL),(108,53,0,'2016-05-01 14:01:45','0000-00-00 00:00:00','wqerqwrqrqwerqwerq','',NULL),(109,53,0,'2016-05-01 14:01:47','0000-00-00 00:00:00','wqerqwrqrqwerqwerqqwerq','',NULL),(110,53,0,'2016-05-01 14:01:50','0000-00-00 00:00:00','wqerqwrqrqwerqwerqqwerqewqrwerqw','',NULL),(111,53,0,'2016-05-01 14:01:52','0000-00-00 00:00:00','wqerqwrqrqwerqwerqqwerqewqrwerqw','',NULL),(112,53,0,'2016-05-01 14:01:53','0000-00-00 00:00:00','wqerqwrqrqwerqwerqqwerqewqrwerqw','',NULL),(113,53,0,'2016-05-01 14:01:55','0000-00-00 00:00:00','wqerqwrqrqwerqwerqqwerqewqrwerqw','',NULL),(114,53,0,'2016-05-01 14:01:57','0000-00-00 00:00:00','wqerqwrqrqwerqwerqqwerqewqrwerqw','',NULL),(115,53,0,'2016-05-01 14:01:58','0000-00-00 00:00:00','wqerqwrqrqwerqwerqqwerqewqrwerqw','',NULL),(116,53,0,'2016-05-01 14:01:58','0000-00-00 00:00:00','wqerqwrqrqwerqwerqqwerqewqrwerqw','',NULL),(117,53,0,'2016-05-01 14:01:59','0000-00-00 00:00:00','wqerqwrqrqwerqwerqqwerqewqrwerqw','',NULL),(118,53,0,'2016-05-01 14:02:01','0000-00-00 00:00:00','wqerqwrqrqwerqwerqqwerqewqrwerqw','',NULL),(119,53,0,'2016-05-01 14:02:40','0000-00-00 00:00:00','wqerqwrqrqwerqwerqqwerqewqrwerqwwqerqwrqrqwerqwerqqwerqewqrwerqwwqerqwrqrqwerqwerqqwerqewqrwerqwwqerqwrqrqwerqwerqqwerqewqrwerqwwqerqwrqrqwerqwerqqwe','',NULL),(120,53,0,'2016-05-01 14:02:42','0000-00-00 00:00:00','wqerqwrqrqwerqwerqqwerqewqrwerqwwqerqwrqrqwerqwerqqwerqewqrwerqwwqerqwrqrqwerqwerqqwerqewqrwerqwwqerqwrqrqwerqwerqqwerqewqrwerqwwqerqwrqrqwerqwerqqwe','',NULL),(121,27,0,'2016-05-01 14:19:31','0000-00-00 00:00:00','1233123213','',NULL),(122,27,0,'2016-05-01 14:19:32','0000-00-00 00:00:00','1233123213213123','',NULL),(123,27,0,'2016-05-01 14:19:35','0000-00-00 00:00:00','123312321321312312312','',NULL),(124,15,-1,'2016-05-01 16:58:35','0000-00-00 00:00:00','12312321','\0',NULL),(125,24,0,'2016-05-02 12:24:40','0000-00-00 00:00:00','12312','\0',NULL),(126,24,0,'2016-05-02 12:24:42','0000-00-00 00:00:00','1231221321','\0',NULL),(127,24,0,'2016-05-02 12:24:44','0000-00-00 00:00:00','1231221321123123','\0',NULL),(128,24,0,'2016-05-02 12:24:46','0000-00-00 00:00:00','1231221321123123','\0',NULL),(129,12,99,'2016-05-02 17:33:00','0000-00-00 00:00:00','123123','\0',NULL),(130,12,99,'2016-05-02 17:33:03','0000-00-00 00:00:00','123123213213','\0',NULL),(131,8,99,'2016-05-02 17:58:52','0000-00-00 00:00:00','123','\0',NULL),(132,20,99,'2016-05-03 08:16:55','0000-00-00 00:00:00','1232321321','\0',NULL),(133,20,99,'2016-05-03 08:16:57','0000-00-00 00:00:00','1232321321132213','\0',NULL);
/*!40000 ALTER TABLE `joke_comment` ENABLE KEYS */;
UNLOCK TABLES;

--
-- Table structure for table `joke_type`
--

DROP TABLE IF EXISTS `joke_type`;
/*!40101 SET @saved_cs_client     = @@character_set_client */;
/*!40101 SET character_set_client = utf8 */;
CREATE TABLE `joke_type` (
  `id` int(11) NOT NULL AUTO_INCREMENT,
  `type_name` varchar(16) DEFAULT NULL,
  PRIMARY KEY (`id`)
) ENGINE=MyISAM AUTO_INCREMENT=6 DEFAULT CHARSET=utf8;
/*!40101 SET character_set_client = @saved_cs_client */;

--
-- Dumping data for table `joke_type`
--

LOCK TABLES `joke_type` WRITE;
/*!40000 ALTER TABLE `joke_type` DISABLE KEYS */;
INSERT INTO `joke_type` VALUES (1,'内涵'),(2,'经典笑话'),(3,'休闲笑话'),(4,'搞笑笑话'),(5,'冷笑话');
/*!40000 ALTER TABLE `joke_type` ENABLE KEYS */;
UNLOCK TABLES;

--
-- Table structure for table `level`
--

DROP TABLE IF EXISTS `level`;
/*!40101 SET @saved_cs_client     = @@character_set_client */;
/*!40101 SET character_set_client = utf8 */;
CREATE TABLE `level` (
  `id` int(11) NOT NULL AUTO_INCREMENT,
  `level_name` varchar(255) DEFAULT NULL,
  PRIMARY KEY (`id`)
) ENGINE=MyISAM AUTO_INCREMENT=10 DEFAULT CHARSET=utf8;
/*!40101 SET character_set_client = @saved_cs_client */;

--
-- Dumping data for table `level`
--

LOCK TABLES `level` WRITE;
/*!40000 ALTER TABLE `level` DISABLE KEYS */;
INSERT INTO `level` VALUES (1,'初级笑匠'),(2,'中级笑匠'),(3,'高级笑匠'),(4,'初级笑星'),(5,'中级笑星'),(6,'高级笑星'),(7,'初级门主'),(8,'中级门主'),(9,'高级门主');
/*!40000 ALTER TABLE `level` ENABLE KEYS */;
UNLOCK TABLES;

--
-- Table structure for table `user`
--

DROP TABLE IF EXISTS `user`;
/*!40101 SET @saved_cs_client     = @@character_set_client */;
/*!40101 SET character_set_client = utf8 */;
CREATE TABLE `user` (
  `id` int(11) NOT NULL AUTO_INCREMENT,
  `name` varchar(16) NOT NULL DEFAULT '',
  `password` varchar(16) NOT NULL DEFAULT '',
  `sex` bit(1) DEFAULT NULL,
  `age` int(3) DEFAULT NULL,
  `phone_num` varchar(11) DEFAULT '',
  `level` int(11) NOT NULL DEFAULT '1',
  `email` varchar(20) DEFAULT NULL,
  `create_time` datetime NOT NULL DEFAULT '0000-00-00 00:00:00',
  `up-time` datetime DEFAULT NULL,
  `follow` int(5) NOT NULL DEFAULT '0',
  `dynamic` int(5) NOT NULL DEFAULT '0',
  `love` int(11) NOT NULL DEFAULT '0',
  PRIMARY KEY (`id`)
) ENGINE=MyISAM AUTO_INCREMENT=101 DEFAULT CHARSET=utf8;
/*!40101 SET character_set_client = @saved_cs_client */;

--
-- Dumping data for table `user`
--

LOCK TABLES `user` WRITE;
/*!40000 ALTER TABLE `user` DISABLE KEYS */;
INSERT INTO `user` VALUES (1,'huazaierli','12345678','',25,'18381333613',2,'755836844@qq.com','0000-00-00 00:00:00',NULL,0,0,100),(2,'zhushunyuan','12345678','',15,'18381333613',4,'755836844@qq.com','0000-00-00 00:00:00',NULL,0,0,0),(3,'denyouming','12345678','\0',14,'18381333613',6,'755836844@qq.com','0000-00-00 00:00:00',NULL,0,0,0),(4,'shijinhua','12345678',NULL,NULL,'',0,NULL,'0000-00-00 00:00:00',NULL,0,0,0),(5,'shijinhua','12345678',NULL,NULL,'',0,NULL,'2016-02-28 22:16:14',NULL,0,0,0),(6,'shijinhua','12345678',NULL,NULL,'',0,NULL,'2016-02-28 22:16:52',NULL,0,0,0),(7,'shijinhua','12345678',NULL,NULL,'',1,NULL,'2016-02-28 22:18:01',NULL,0,0,0),(8,'shijinhua','12345678',NULL,NULL,'',1,NULL,'2016-02-28 22:18:01',NULL,0,0,0),(9,'shijinhua','12345678',NULL,NULL,'',1,NULL,'2016-02-28 22:18:01',NULL,0,0,0),(10,'shijinhua','12345678',NULL,NULL,'',1,NULL,'2016-02-28 22:18:01',NULL,0,0,0),(11,'shijinhua','12345678',NULL,NULL,'',1,NULL,'2016-02-28 22:18:02',NULL,0,0,0),(12,'shijinhua','12345678',NULL,NULL,'',1,NULL,'2016-02-28 22:18:02',NULL,0,0,0),(13,'shijinhua','12345678',NULL,NULL,'',1,NULL,'2016-02-28 22:18:02',NULL,0,0,0),(14,'shijinhua','12345678',NULL,NULL,'',1,NULL,'2016-02-28 22:18:02',NULL,0,0,0),(15,'shijinhua','12345678',NULL,NULL,'',1,NULL,'2016-02-28 22:18:03',NULL,0,0,0),(16,'shijinhua','12345678',NULL,NULL,'',1,NULL,'2016-02-28 22:18:03',NULL,0,0,0),(17,'shijinhua','12345678',NULL,NULL,'',1,NULL,'2016-02-28 22:18:03',NULL,0,0,0),(18,'shijinhua','12345678',NULL,NULL,'',1,NULL,'2016-02-28 22:18:03',NULL,0,0,0),(19,'shijinhua','12345678',NULL,NULL,'',1,NULL,'2016-02-28 22:18:04',NULL,0,0,0),(20,'shijinhua','12345678',NULL,NULL,'',1,NULL,'2016-02-28 22:18:04',NULL,0,0,0),(21,'shijinhua','12345678',NULL,NULL,'',1,NULL,'2016-02-28 22:18:04',NULL,0,0,0),(22,'shijinhua','12345678',NULL,NULL,'',1,NULL,'2016-02-28 22:18:05',NULL,0,0,0),(23,'shijinhua','12345678',NULL,NULL,'',1,NULL,'2016-02-28 22:18:05',NULL,0,0,0),(24,'shijinhua','12345678',NULL,NULL,'',1,NULL,'2016-02-28 22:18:05',NULL,0,0,0),(25,'shijinhua','12345678',NULL,NULL,'',1,NULL,'2016-02-28 22:18:06',NULL,0,0,0),(26,'shijinhua','12345678',NULL,NULL,'',1,NULL,'2016-02-28 22:18:06',NULL,0,0,0),(27,'shijinhua','12345678',NULL,NULL,'',1,NULL,'2016-02-28 22:18:06',NULL,0,0,0),(28,'shijinhua','12345678',NULL,NULL,'',1,NULL,'2016-02-28 22:18:07',NULL,0,0,0),(29,'shijinhua','12345678',NULL,NULL,'',1,NULL,'2016-02-28 22:18:07',NULL,0,0,0),(30,'shijinhua','12345678',NULL,NULL,'',1,NULL,'2016-02-28 22:18:07',NULL,0,0,0),(31,'shijinhua','12345678',NULL,NULL,'',1,NULL,'2016-02-28 22:18:08',NULL,0,0,0),(32,'shijinhua','12345678',NULL,NULL,'',1,NULL,'2016-02-28 22:18:08',NULL,0,0,0),(33,'shijinhua','12345678',NULL,NULL,'',1,NULL,'2016-02-28 22:18:08',NULL,0,0,0),(34,'shijinhua','12345678',NULL,NULL,'',1,NULL,'2016-02-28 22:18:09',NULL,0,0,0),(35,'shijinhua','12345678',NULL,NULL,'',1,NULL,'2016-02-28 22:18:09',NULL,0,0,0),(36,'shijinhua','12345678',NULL,NULL,'',1,NULL,'2016-02-28 22:18:09',NULL,0,0,0),(37,'shijinhua','12345678',NULL,NULL,'',1,NULL,'2016-02-28 22:18:09',NULL,0,0,0),(38,'shijinhua','12345678',NULL,NULL,'',1,NULL,'2016-02-28 22:18:10',NULL,0,0,0),(39,'shijinhua','12345678',NULL,NULL,'',1,NULL,'2016-02-28 22:18:10',NULL,0,0,0),(40,'shijinhua','12345678',NULL,NULL,'',1,NULL,'2016-02-28 22:18:10',NULL,0,0,0),(41,'shijinhua','12345678',NULL,NULL,'',1,NULL,'2016-02-28 22:18:10',NULL,0,0,0),(42,'shijinhua','12345678',NULL,NULL,'',1,NULL,'2016-02-28 22:18:11',NULL,0,0,0),(43,'shijinhua','12345678',NULL,NULL,'',1,NULL,'2016-02-28 22:18:11',NULL,0,0,0),(44,'shijinhua','12345678',NULL,NULL,'',1,NULL,'2016-02-28 22:18:11',NULL,0,0,0),(45,'shijinhua','12345678',NULL,NULL,'',1,NULL,'2016-02-28 22:18:11',NULL,0,0,0),(46,'shijinhua','12345678',NULL,NULL,'',1,NULL,'2016-02-28 22:18:12',NULL,0,0,0),(47,'shijinhua','12345678',NULL,NULL,'',1,NULL,'2016-02-28 22:18:12',NULL,0,0,0),(48,'shijinhua','12345678',NULL,NULL,'',1,NULL,'2016-02-28 22:18:12',NULL,0,0,0),(49,'shijinhua','12345678',NULL,NULL,'',1,NULL,'2016-02-28 22:18:12',NULL,0,0,0),(50,'shijinhua','12345678',NULL,NULL,'',1,NULL,'2016-02-28 22:18:13',NULL,0,0,0),(51,'shijinhua','12345678',NULL,NULL,'',1,NULL,'2016-02-28 22:18:13',NULL,0,0,0),(52,'shijinhua','12345678',NULL,NULL,'',1,NULL,'2016-02-28 22:18:13',NULL,0,0,0),(53,'shijinhua','12345678',NULL,NULL,'',1,NULL,'2016-02-28 22:18:13',NULL,0,0,0),(54,'shijinhua','12345678',NULL,NULL,'',1,NULL,'2016-02-28 22:18:14',NULL,0,0,0),(55,'shijinhua','12345678',NULL,NULL,'',1,NULL,'2016-02-28 22:18:14',NULL,0,0,0),(56,'shijinhua','12345678',NULL,NULL,'',1,NULL,'2016-02-28 22:18:14',NULL,0,0,0),(57,'shijinhua','12345678',NULL,NULL,'',1,NULL,'2016-02-28 22:18:14',NULL,0,0,0),(58,'shijinhua','12345678',NULL,NULL,'',1,NULL,'2016-02-28 22:18:15',NULL,0,0,0),(59,'shijinhua','12345678',NULL,NULL,'',1,NULL,'2016-02-28 22:18:15',NULL,0,0,0),(60,'shijinhua','12345678',NULL,NULL,'',1,NULL,'2016-02-28 22:18:15',NULL,0,0,0),(61,'shijinhua','12345678',NULL,NULL,'',1,NULL,'2016-02-28 22:18:16',NULL,0,0,0),(62,'shijinhua','12345678',NULL,NULL,'',1,NULL,'2016-02-28 22:18:16',NULL,0,0,0),(63,'shijinhua','12345678',NULL,NULL,'',1,NULL,'2016-02-28 22:18:16',NULL,0,0,0),(64,'shijinhua','12345678',NULL,NULL,'',1,NULL,'2016-02-28 22:18:16',NULL,0,0,0),(65,'shijinhua','12345678',NULL,NULL,'',1,NULL,'2016-02-28 22:18:17',NULL,0,0,0),(66,'shijinhua','12345678',NULL,NULL,'',1,NULL,'2016-02-28 22:18:17',NULL,0,0,0),(67,'shijinhua','12345678',NULL,NULL,'',1,NULL,'2016-02-28 22:18:17',NULL,0,0,0),(68,'shijinhua','12345678',NULL,NULL,'',1,NULL,'2016-02-28 22:18:17',NULL,0,0,0),(69,'','',NULL,NULL,'',1,'','2016-03-28 11:14:53',NULL,0,0,0),(70,'','',NULL,NULL,'',1,'','2016-03-28 11:16:12',NULL,0,0,0),(71,'','',NULL,NULL,'',1,'','2016-03-28 11:16:19',NULL,0,0,0),(72,'','',NULL,NULL,'',1,'','2016-03-28 11:19:01',NULL,0,0,0),(73,'{\"userName\":\"1\",','{\"userName\":\"1\",',NULL,NULL,'',1,'{\"userName\":\"1\",\"use','2016-03-28 11:24:28',NULL,0,0,0),(74,'1','21',NULL,NULL,'',1,'','2016-03-28 11:48:16',NULL,0,0,0),(75,'1','21',NULL,NULL,'',1,'1','2016-03-28 11:49:05',NULL,0,0,0),(76,'1111111111111111','1111111111111111',NULL,NULL,'',1,'1','2016-03-28 11:55:28',NULL,0,0,0),(77,'1111111111111111','1111111111111111',NULL,NULL,'',1,'1','2016-03-28 13:13:45',NULL,0,0,0),(78,'1111111111111111','1111111111111111',NULL,NULL,'',1,'1111111111111111','2016-03-28 13:39:32',NULL,0,0,0),(79,'1111111111111111','11111111111111',NULL,NULL,'',1,'111111','2016-03-28 14:07:31',NULL,0,0,0),(80,'11111111111111','11111111111111',NULL,NULL,'',1,'11111111111','2016-03-28 14:09:36',NULL,0,0,0),(81,'1222222222222222','12333333333333',NULL,NULL,'',1,'2123333333333333','2016-03-28 14:10:00',NULL,0,0,0),(82,'1111111111111111','1111111111111111',NULL,NULL,'',1,'1111111111111111','2016-03-28 14:14:03',NULL,0,0,0),(83,'123111111111111','1233333333333333',NULL,NULL,'',1,'1233333333333333','2016-03-28 14:14:35',NULL,0,0,0),(84,'shijinhua','12345678',NULL,NULL,'',1,'12321','2016-03-30 15:49:32',NULL,0,0,0),(85,'1233456','12qwaszx',NULL,NULL,'',1,'12312@qq.com','2016-05-01 15:43:28',NULL,0,0,0),(86,'12345678','12qwaszx',NULL,NULL,'',1,'12345678@qq.com','2016-05-01 15:47:07',NULL,0,0,0),(87,'1234567','12qwaszx',NULL,NULL,'',1,'12@qq.com','2016-05-02 14:43:50',NULL,0,0,0),(88,'hao1234','12qwaszx',NULL,NULL,'',1,'12@qq.com','2016-05-02 15:25:07',NULL,0,0,0),(89,'hao1234567','12qwaszx',NULL,NULL,'',1,'123@12.com','2016-05-02 15:30:12',NULL,0,0,0),(90,'hao1234567','12qwaszx',NULL,NULL,'',1,'12','2016-05-02 15:30:48',NULL,0,0,0),(91,'hao1234567','12qwaszx',NULL,NULL,'',1,'12@','2016-05-02 15:31:05',NULL,0,0,0),(92,'hao1234567','12qwaszx',NULL,NULL,'',1,'12@','2016-05-02 15:31:06',NULL,0,0,0),(93,'hao1234567','12qwaszx',NULL,NULL,'',1,'12@','2016-05-02 15:31:07',NULL,0,0,0),(94,'hao1234567','12qwaszx',NULL,NULL,'',1,'12@','2016-05-02 15:31:07',NULL,0,0,0),(95,'hao1234567','12qwaszx',NULL,NULL,'',1,'12@qq.com','2016-05-02 15:31:52',NULL,0,0,0),(96,'123456789','12qwaszx',NULL,NULL,'',1,'12','2016-05-02 15:33:01',NULL,0,0,0),(97,'123456789','12qwaszx',NULL,NULL,'',1,'12@qwas','2016-05-02 15:34:03',NULL,0,0,0),(98,'123456789','12qwaszx',NULL,NULL,'',1,'123@121','2016-05-02 15:34:51',NULL,0,0,0),(99,'huazaierli','12qwaszx',NULL,NULL,'',1,'12@','2016-05-02 15:36:17',NULL,0,0,0),(100,'huazaierli','12qwaszx',NULL,NULL,'',1,'12qwaszx','2016-05-03 08:01:31',NULL,0,0,0);
/*!40000 ALTER TABLE `user` ENABLE KEYS */;
UNLOCK TABLES;
/*!40103 SET TIME_ZONE=@OLD_TIME_ZONE */;

/*!40101 SET SQL_MODE=@OLD_SQL_MODE */;
/*!40014 SET FOREIGN_KEY_CHECKS=@OLD_FOREIGN_KEY_CHECKS */;
/*!40014 SET UNIQUE_CHECKS=@OLD_UNIQUE_CHECKS */;
/*!40101 SET CHARACTER_SET_CLIENT=@OLD_CHARACTER_SET_CLIENT */;
/*!40101 SET CHARACTER_SET_RESULTS=@OLD_CHARACTER_SET_RESULTS */;
/*!40101 SET COLLATION_CONNECTION=@OLD_COLLATION_CONNECTION */;
/*!40111 SET SQL_NOTES=@OLD_SQL_NOTES */;

-- Dump completed on 2016-05-08 18:20:19
